1,Brook,Lovelock,ddd
2,Niccolo,Garraway,aaa
3,Jared,Vauter,bbb
4,Melly,Kidd,ccc
5,Phyllis,Carthy,aaa
6,Bryant,Bever,fff
7,Benedikta,Bayns,bbb
8,Daniela,Backhouse,bbb
9,Thea,Tarply,bbb
10,Saleem,Spellman,eee
11,Ashely,Duggan,bbb
12,Hillyer,Shanley,fff
13,Evy,Cromblehome,eee
14,Anneliese,Rance,bbb
15,Giuditta,Betje,aaa
16,Gusty,Jiggens,aaa
17,Gerhardine,Hayth,bbb
18,Jermayne,Pink,eee
19,Bernadette,Lammerich,ccc
20,Helsa,Couchman,eee
21,Charlton,Roget,eee
22,Vanya,Matousek,fff
23,Freida,Gibbett,bbb
24,Farleigh,Nerney,bbb
25,Marylee,Muschette,aaa
26,Emmalyn,Greener,fff
27,Mollie,Szach,ddd
28,Guntar,Manger,aaa
29,Denise,Widdecombe,bbb
30,Francisca,Ready,ddd
31,Natalee,Mora,fff
32,Glenda,Troup,fff
33,Emmalynn,Jacqueminet,aaa
34,Fidelio,Brownell,bbb
35,Luise,Losty,ccc
36,Sinclair,Scamerdine,fff
37,Tansy,Dearman,bbb
38,Dwayne,Boud,fff
39,Trixy,Cull,fff
40,Niven,Gwilt,ddd
41,Clemmie,Bettanay,eee
42,Annabal,Whightman,aaa
43,Hatty,Rex,eee
44,Maude,Bouda,aaa
45,Free,Lodge,aaa
46,Leia,Jaffrey,eee
47,Corie,Ebsworth,ccc
48,Ellette,Ahmad,ccc
49,Edik,Slessar,ccc
50,Linda,Gothard,aaa
51,Esme,Durrad,ddd
52,Portia,Gensavage,ccc
53,Doralyn,Bee,ddd
54,Guglielmo,Roote,aaa
55,Gracie,Kite,bbb
56,Electra,Surguine,ccc
57,Ricky,Davison,fff
58,Dalston,Kruger,aaa
59,Hillary,Maffini,ddd
60,Thibaut,Tonsley,aaa
61,Loreen,Liversidge,ddd
62,Pammie,Stear,ccc
63,Chastity,Strickler,ddd
64,Anneliese,Strognell,eee
65,Phyllida,Twydell,bbb
66,Olly,Atkin,ddd
67,Daile,Acton,aaa
68,Maxy,Taillard,eee
69,Josepha,Tapton,bbb
70,Tiertza,Barts,ddd
71,Sayre,Beevis,eee
72,Grady,Broad,bbb
73,Bobbe,Klus,eee
74,Boot,Benoist,ccc
75,Elvira,Abbe,eee
76,Dorelia,Bagley,aaa
77,Salomon,Elgood,ccc
78,Annie,Wallworth,aaa
79,Joycelin,McLae,fff
80,Sherwood,Trent,aaa
81,Blaine,Grute,fff
82,Peyter,Aery,eee
83,Modesta,McIllroy,fff
84,Lyle,Robichon,bbb
85,Berny,Lemin,ccc
86,Cami,Yankin,aaa
87,Morse,Oxnam,eee
88,Paddie,Cunniam,aaa
89,Cloris,Morteo,ddd
90,Aubine,Barbour,aaa
91,Roi,Starten,aaa
92,Valencia,Collomosse,bbb
93,Dionysus,Belward,aaa
94,Nolan,Dearnley,eee
95,Allys,Ballham,ccc
96,Gregorio,Binyon,eee
97,Hildagard,Paviour,fff
98,Dorie,Jaslem,eee
99,Westbrooke,Bengle,fff
100,Kally,Graben,ccc
101,Aguste,Braiden,bbb
102,Yvon,Michurin,bbb
103,Ilse,Croisier,eee
104,Winthrop,Deelay,eee
105,Hans,Pinn,fff
106,Theobald,Keller,eee
107,Judah,Quiddinton,aaa
108,Melesa,Kubes,ddd
109,Kirstyn,Yansons,ccc
110,Buffy,Piatek,ccc
111,Nicolas,Calan,aaa
112,Felisha,Seathwright,eee
113,Derron,Frisel,fff
114,Jamal,Coller,fff
115,Margarete,Kornyakov,fff
116,Thadeus,Iannazzi,fff
117,Manolo,Shyre,ccc
118,Tessi,Rudham,aaa
119,Edmund,Leyden,bbb
120,Benetta,Cesconi,eee
121,Lincoln,Little,bbb
122,Orly,Simionato,bbb
123,Alvira,Prowting,ccc
124,Collie,Planks,bbb
125,Bella,De L'Isle,ddd
126,Brooke,Brandrick,bbb
127,Livia,Kynoch,eee
128,Bettine,Lydford,aaa
129,Seward,Douglass,eee
130,Stefan,M'Quhan,ddd
131,Meghann,Sloane,eee
132,Willem,Aronow,fff
133,Margette,Crecy,aaa
134,Fey,Fossord,bbb
135,Selie,Leworthy,bbb
136,Dru,Losemann,aaa
137,Candis,Bartolomeoni,eee
138,Ruperta,Broomhead,aaa
139,Homere,Landal,aaa
140,Shayna,Hearnes,ddd
141,Ansel,Scrine,ccc
142,Michale,Ravilious,eee
143,Jacques,Thoday,ddd
144,Ricard,Gouck,fff
145,Adham,Swiffin,aaa
146,Alicea,Tellett,aaa
147,Farrah,Moreno,eee
148,Libby,Clappison,ddd
149,Fabe,McMichael,bbb
150,Corrie,d' Elboux,fff
151,Pietra,Giraudat,fff
152,Fidel,Miskin,ccc
153,Sharona,Joskowicz,bbb
154,Stuart,Tomlinson,fff
155,Anallese,Demead,bbb
156,Lanni,Dunrige,eee
157,Cinda,Defty,aaa
158,Ninnette,Walding,ddd
159,Cindy,Yegorshin,fff
160,Janeva,Sponder,bbb
161,Connie,Burbridge,ccc
162,Doy,Matusov,aaa
163,Malynda,Tome,aaa
164,Perl,Daspar,ddd
165,Chico,Heine,fff
166,Michele,Simmell,aaa
167,Caleb,Wallbutton,fff
168,Cristin,Loudwell,bbb
169,Marius,Rickell,bbb
170,Nikolas,Shord,ccc
171,Ellette,Breton,eee
172,Rosemary,Cawdell,bbb
173,Chaddy,MacAskie,aaa
174,Flori,Raffan,aaa
175,Tomas,Parkyn,aaa
176,Ania,Bolus,eee
177,Nessy,Zanicchi,bbb
178,Tracey,Powley,ddd
179,Ainslie,Galletley,ddd
180,Curr,Corsor,ddd
181,Constancy,Borrott,ccc
182,Clementina,McDowell,bbb
183,Chloris,Lunk,bbb
184,Melinda,Hallihane,fff
185,Jesus,Saban,aaa
186,Julietta,Yanele,aaa
187,Somerset,Wilkisson,fff
188,Hugues,McOmish,bbb
189,Ardene,Harniman,fff
190,Ingeberg,Biaggioli,aaa
191,Galven,Beslier,fff
192,Devondra,Dracksford,aaa
193,Isidore,Lamping,bbb
194,Scarlett,Duffit,eee
195,Augie,Dresser,aaa
196,Arlen,Kerford,ccc
197,Merrill,Wackett,eee
198,Clarissa,Albon,ccc
199,Jeremie,Curling,eee
200,Ethelin,Hambers,fff
201,Elisabeth,Tanswill,bbb
202,Port,Schust,fff
203,Margie,McGaugan,aaa
204,Mariana,Seeks,ccc
205,Karita,Jorn,eee
206,Buddy,Hoffman,fff
207,Gustav,Pods,ddd
208,Lovell,Flewitt,aaa
209,Catherin,Dunrige,fff
210,Rriocard,Gaine,aaa
211,Lara,Tantum,fff
212,Larry,Capper,aaa
213,Jase,Chong,aaa
214,Glenine,Cartmer,ddd
215,Moore,Chalfont,fff
216,Haslett,Everington,aaa
217,Gwendolin,Domelaw,ddd
218,Bernelle,Mc Menamin,ccc
219,Denise,Alcide,ddd
220,Gloriane,Howell,aaa
221,Keenan,Ortiga,fff
222,Arden,Werndley,aaa
223,Joice,Quincee,aaa
224,Windham,Pawle,eee
225,Simmonds,Dumberell,ccc
226,Abdel,Rennison,ddd
227,Si,Glascott,bbb
228,Bondie,Boxe,aaa
229,Alistair,Emburey,eee
230,Marybelle,Aulsford,ccc
231,Sarena,O'Geneay,ddd
232,Stavros,Haycox,aaa
233,Amalia,Stummeyer,eee
234,Trisha,Pickover,ddd
235,Damon,Scarlin,fff
236,Aile,Chalcraft,aaa
237,Cindee,Vannucci,eee
238,Olin,Alldridge,aaa
239,Pauline,Roseveare,ddd
240,Cory,Powdrell,ccc
241,Andi,Corben,ccc
242,Terri-jo,Turnock,bbb
243,Andrej,Tabb,bbb
244,Francesca,Allatt,eee
245,Adrien,Maple,fff
246,Nerissa,Brizell,fff
247,Nola,Dood,eee
248,Briggs,Hargrove,ddd
249,Eliza,MacGeffen,ccc
250,Corny,Leimster,aaa
251,Marlyn,Theriot,ccc
252,Haskell,Panons,eee
253,Matilde,Cator,aaa
254,Malena,Cicchelli,bbb
255,Webster,Bordman,aaa
256,Cecilio,Boatright,eee
257,Hedvige,Holehouse,eee
258,Arliene,Warde,aaa
259,Frannie,Marte,aaa
260,Aidan,Yerby,bbb
261,Jonathan,McBrearty,eee
262,Ario,Davidwitz,ddd
263,Sabina,Wark,bbb
264,Alphard,Crust,ddd
265,Latia,Beckenham,eee
266,Uri,Gaspar,aaa
267,Tarrance,Templeman,aaa
268,Natalina,Kubik,eee
269,Lucho,Gerbl,ddd
270,Nathaniel,Haymes,aaa
271,Teresina,Maruszewski,ccc
272,Callean,Dougher,ccc
273,Shelby,Mattisssen,aaa
274,Minerva,Taffe,eee
275,Etienne,Tyres,bbb
276,Lacy,Barber,ccc
277,Rik,Gwillym,fff
278,Nanine,Courtney,ccc
279,Elna,Myrtle,ddd
280,Jordan,Zealey,eee
281,Johannes,Olivazzi,aaa
282,Briano,Aldcorne,fff
283,Wallie,Huygens,ddd
284,Angeline,Wholesworth,aaa
285,Pedro,Persey,fff
286,Micky,Spinas,aaa
287,Robinson,Corpe,eee
288,Shelden,Drewe,fff
289,Letty,Yeldon,aaa
290,Kellsie,Sprott,aaa
291,Christopher,Kinge,ccc
292,Aubrie,Guenther,aaa
293,Udell,Entissle,ddd
294,Fionnula,Phoebe,bbb
295,Tiphani,MacLice,ddd
296,Liva,Petrovykh,fff
297,Selma,Fyldes,fff
298,Margi,Kunneke,bbb
299,Donnamarie,Frankcombe,eee
300,Myrtice,Saladine,fff
301,Pooh,Sambiedge,aaa
302,Kaitlynn,Dunniom,aaa
303,Benyamin,Stenson,ddd
304,Ricoriki,Dunge,bbb
305,Agathe,Chown,bbb
306,Finlay,Brookton,ccc
307,Deidre,Costley,bbb
308,Feliks,Aiston,eee
309,Eli,Cearley,bbb
310,Sandi,Wellum,fff
311,Burke,Hughland,ddd
312,Boonie,Cloughton,ddd
313,Darnell,Worsam,bbb
314,Wally,Acland,ddd
315,Hilario,Tsarovic,fff
316,Fara,Semorad,eee
317,Teri,Gayne,fff
318,Sybilla,Belford,eee
319,Fleurette,L'Episcopio,fff
320,Sephira,Wehner,fff
321,Leese,Cron,ddd
322,Coraline,Beining,fff
323,Yuma,Shercliff,ccc
324,Kalie,Perelli,aaa
325,Rosette,Mantrip,bbb
326,Emlynn,Weavill,ccc
327,Perceval,Blick,fff
328,Shay,Refford,ddd
329,Kelby,Moxley,fff
330,Morganne,Furney,ccc
331,Codie,Ferro,ddd
332,Bert,Frichley,bbb
333,Nelli,Presnell,eee
334,Wakefield,Cheng,bbb
335,Yule,Tuckwood,aaa
336,Binky,Millery,ddd
337,Zondra,Gildersleaves,bbb
338,Mandi,Norcliffe,aaa
339,Ailene,Thing,ccc
340,Terri,Gregori,eee
341,Hetti,Falla,eee
342,Barbra,Pamplin,ccc
343,Belinda,Lindholm,ddd
344,Cesare,Mohamed,ccc
345,Waite,Mixture,ddd
346,Desiree,Chantler,eee
347,Perrine,Reims,bbb
348,Claribel,Fawthorpe,ccc
349,Lenna,Prendeville,fff
350,Mikol,Portchmouth,eee
351,Norry,Hurley,eee
352,Annabel,Crowth,bbb
353,Roch,Ousbie,aaa
354,Bevan,Carnell,eee
355,Nicko,Costell,ddd
356,Kiersten,Puttergill,ccc
357,Luelle,Bortoluzzi,aaa
358,Herbert,Hammatt,bbb
359,Chas,Penchen,aaa
360,Merrielle,Nell,bbb
361,Oby,Kearley,ccc
362,Aurora,Finlater,ddd
363,Farr,Senecaut,ddd
364,Gustavo,Streeten,fff
365,Birdie,Mazzei,ddd
366,Aline,Gomersal,aaa
367,Herta,Lawlee,ddd
368,Sonia,Danielot,ddd
369,Henryetta,Bench,ddd
370,Pepito,Blacket,aaa
371,Delainey,Constant,eee
372,Barbie,Clayill,ccc
373,Shermy,Feldhammer,bbb
374,Antin,Milne,fff
375,Charles,Lacky,aaa
376,Ches,Orteaux,ccc
377,Charlene,Stapley,aaa
378,Marlane,Dyett,ddd
379,Kingston,Krammer,bbb
380,Gayla,Trudgeon,fff
381,Kristofor,Janowicz,bbb
382,Joshuah,Corwood,ccc
383,Silvan,Manthroppe,eee
384,Aland,Verchambre,eee
385,Adelheid,Fellnee,ccc
386,Alvera,Heed,fff
387,Pancho,Bielefeld,ddd
388,Gale,Extence,eee
389,Bebe,Kline,ddd
390,Nobe,Rockhill,fff
391,Lesley,Judkins,ccc
392,Brocky,Collins,eee
393,Rab,Androck,bbb
394,Catriona,Gilham,eee
395,Gabbie,Ambridge,ccc
396,Shannon,Wannell,ccc
397,Birk,Yeowell,fff
398,Sarena,Warlowe,bbb
399,Jae,Sexton,ccc
400,Shandie,Batrim,aaa
401,Massimiliano,Dahlman,fff
402,Gretel,Miles,bbb
403,Herman,Prugel,ccc
404,Kylen,Shearwood,ccc
405,Pammy,Cochran,ddd
406,Arty,Warby,fff
407,Blondell,Siveter,fff
408,Danit,Burford,aaa
409,Letitia,Gibbons,eee
410,Leslie,Manilow,ddd
411,Vivianne,Shearwood,eee
412,Ernie,Janicki,ddd
413,Lorant,Ciccoloi,aaa
414,Falito,Laffan,aaa
415,Almira,Gilley,bbb
416,Bradney,Pettiford,bbb
417,Frants,Pocke,aaa
418,Rebeca,Yeates,bbb
419,Rurik,Tuckwell,ccc
420,Edouard,Janaszewski,aaa
421,Ali,Nehls,bbb
422,Ross,Sharphurst,bbb
423,Dodi,Minihane,fff
424,Lila,Dance,ddd
425,Irwinn,Murfill,fff
426,Deny,Penddreth,fff
427,Hildagard,Kops,eee
428,Gordon,Kohter,aaa
429,Tallou,Bengtsson,aaa
430,Madelle,Frostdyke,ddd
431,Lamont,Bravery,eee
432,Seymour,Zecchinii,ddd
433,Bernelle,Dracksford,ccc
434,Nanete,Belbin,bbb
435,Jillie,Acum,ccc
436,Jerry,Philcock,ddd
437,Javier,Bengal,eee
438,Melessa,Marke,fff
439,Cinderella,Grinaway,ccc
440,Ellery,Ziehms,ddd
441,Currey,Kidde,ddd
442,Clemmy,de Vaen,fff
443,Evvie,Hartland,bbb
444,Ignacio,Ellor,bbb
445,Tabbie,Ubanks,fff
446,Caritta,List,eee
447,Maximilien,Lampe,ccc
448,Bethany,Vreiberg,ddd
449,Melantha,Takos,aaa
450,Catherine,Spurling,fff
451,Hewett,Leyshon,bbb
452,Foss,Daws,eee
453,Gerladina,Corradeschi,ccc
454,Rica,Brobak,bbb
455,Arne,Strudwick,eee
456,Morry,Kendrew,ccc
457,Rhona,Brettelle,ccc
458,Gabe,Matyja,ccc
459,Julio,Campkin,bbb
460,Seamus,Skeete,ddd
461,Amalita,Beckenham,aaa
462,Derward,Ricciardi,ccc
463,Valina,Kineton,ddd
464,Myer,Akroyd,fff
465,Ewart,Ablett,ccc
466,Alwyn,Cady,ccc
467,Nert,Dewbury,fff
468,Garwood,Baudone,ccc
469,Hilda,Duchan,aaa
470,Ann-marie,Ezzle,fff
471,Irvin,Luckwell,ddd
472,Derek,House,bbb
473,Cynthia,Springtorp,aaa
474,Angeline,Klassmann,ccc
475,Lutero,Swenson,eee
476,Gus,Okenden,bbb
477,Betty,Drain,fff
478,Cosette,Whifen,fff
479,Kirstin,MacDunlevy,ccc
480,Jolie,Siney,bbb
481,Augy,Buffin,ccc
482,Hilary,Muselli,ddd
483,Rosetta,Jeness,ddd
484,Kissee,Massinger,eee
485,Nico,Parr,ccc
486,Rae,Partington,eee
487,Fania,Booley,eee
488,Amos,Annandale,aaa
489,Sutton,Jachimak,fff
490,Adeline,Toovey,aaa
491,Kain,Stud,ccc
492,Ted,Oloman,eee
493,Lucien,Widdecombe,ccc
494,Fayre,Melmoth,ddd
495,Elroy,Bolam,fff
496,Susanna,Spiteri,ccc
497,Joyous,Timpany,ccc
498,Caressa,Dellow,ccc
499,Tallou,Krauss,aaa
500,Johnath,Martijn,aaa
501,Dot,Burker,fff
502,Arlana,Steinhammer,eee
503,Osbourne,Greetham,ccc
504,Reece,McCurlye,ddd
505,Lissa,Minihan,fff
506,Donetta,Dincey,bbb
507,Wendell,Gilhooly,eee
508,Leroy,Mulkerrins,ccc
509,Arnold,Golsworthy,eee
510,Basilius,Jeaycock,ccc
511,Nydia,Jirek,bbb
512,Thorvald,Olerenshaw,eee
513,Nial,Cominetti,ccc
514,Herculie,Rivel,bbb
515,Ashia,Kitcher,eee
516,Avie,Cornely,ccc
517,Minnie,Pittendreigh,ccc
518,Leese,Bunclark,ddd
519,Aldus,Brandt,ddd
520,Arabella,Grebert,ccc
521,Anneliese,Bourdis,ddd
522,Raoul,Spedding,aaa
523,Trumann,Bullas,fff
524,Garek,Pinckney,ddd
525,Carmina,Depka,bbb
526,Silvain,Caizley,ccc
527,Consuelo,Matussow,ddd
528,Matteo,Fetteplace,eee
529,Brose,Brand,fff
530,Rossie,Kingswood,aaa
531,Fania,Dormer,fff
532,Kalie,Litchfield,eee
533,Adrienne,Daniels,ddd
534,Marley,Say,ddd
535,Erminie,Erwin,bbb
536,Hyacinth,Neilands,ddd
537,Sven,Flanigan,ccc
538,Skell,Nowlan,aaa
539,Karalynn,Beamish,ccc
540,Kristy,McTurk,eee
541,Filia,Braunlein,bbb
542,Dorelia,Proudler,bbb
543,Junina,Turneux,ccc
544,Sophey,Cartmael,ccc
545,Jemimah,Girard,aaa
546,Pandora,Bilt,ccc
547,Mary,Pawlata,ddd
548,Kleon,McPeeters,aaa
549,Catharine,Cajkler,ccc
550,Eyde,Jorger,bbb
551,Keen,Brecknall,aaa
552,Nanette,Pepperell,ccc
553,Gilberto,Cuddon,eee
554,Florencia,Dahlman,bbb
555,Carce,Oldcroft,fff
556,Silas,Jacmar,fff
557,Korrie,Alvarado,fff
558,Corbet,Burnsall,eee
559,Jolee,Sabine,eee
560,Rolland,Sofe,fff
561,Drucy,Sprowles,ccc
562,Amby,Goundrill,ddd
563,Kandace,Klousner,ccc
564,Frayda,Castellani,bbb
565,Arleta,Coke,fff
566,Bronnie,Abys,ddd
567,Di,Grzegorecki,fff
568,Conway,Sawdon,eee
569,Stanton,Haggerty,ccc
570,Cobb,Olyunin,fff
571,Ninnetta,Stoeckle,bbb
572,Ivor,Iacovazzi,bbb
573,Roobbie,Queripel,aaa
574,Maxie,Statham,fff
575,Padraic,Janda,bbb
576,Kayle,Falkner,ccc
577,Miguelita,Vanyard,fff
578,Pearle,Scottesmoor,ddd
579,Mellie,McConigal,fff
580,Abbie,Conybear,bbb
581,Valry,Peebles,bbb
582,Joana,Portail,ddd
583,Addy,Wrotchford,ccc
584,Julianne,Pavitt,ccc
585,Lulu,Moss,ccc
586,Bili,Bougen,aaa
587,Donni,Barrett,eee
588,Shari,Dargue,bbb
589,Torrence,Shires,aaa
590,Kassia,Kersting,ddd
591,Niels,Cantor,fff
592,Winston,McGreay,eee
593,Kali,Valett,ddd
594,Moses,Djuricic,aaa
595,Olivia,Gristhwaite,eee
596,Judon,Gertz,eee
597,Frankie,Larderot,ccc
598,Lek,McKennan,ddd
599,Robb,Sevior,eee
600,Milli,D'Onisi,ccc
601,Ronald,Anders,ddd
602,Nealy,Muddiman,bbb
603,Jabez,Grimshaw,fff
604,Reina,Jennins,aaa
605,Jasun,Rampage,ccc
606,Cathleen,Bartlett,bbb
607,Cash,Gullam,aaa
608,Aguste,Balharry,ddd
609,Annecorinne,Toal,aaa
610,Arel,Guilloux,aaa
611,Olva,Wyre,aaa
612,Theresita,Werny,ddd
613,Kristo,MacMoyer,ccc
614,Leona,Covolini,bbb
615,Cathleen,Oaks,ddd
616,Cloris,Ferfulle,bbb
617,Gareth,Bertomieu,fff
618,Kalle,Morrad,fff
619,Elfrida,Gentsch,aaa
620,Marcella,Pusey,bbb
621,Myrtia,Clutheram,bbb
622,Lorant,Caesman,eee
623,Alyosha,Headley,ccc
624,Lorens,Farndon,eee
625,Linzy,Verillo,ccc
626,Tamqrah,Thickens,ddd
627,Stacia,Dust,ddd
628,Damara,Cudiff,bbb
629,Marin,O'Crotty,bbb
630,Estel,Haslock,aaa
631,Salomone,Buney,bbb
632,Katey,Serrurier,eee
633,Rozamond,Wyllcocks,ddd
634,Leia,Kremer,bbb
635,Gracia,Bradburne,eee
636,El,Vasin,bbb
637,Wanda,Casterot,aaa
638,Tabitha,Tarling,aaa
639,Reginauld,Girogetti,ccc
640,Marcello,Parades,bbb
641,Gusty,Kavanagh,aaa
642,Brinna,Kingswell,fff
643,Neron,Deards,bbb
644,Sybil,Brimmicombe,aaa
645,Rudolfo,Akaster,aaa
646,Mina,Chinnery,aaa
647,Thorin,Leggat,bbb
648,Pierson,Goose,ccc
649,Donnie,Austing,aaa
650,Henka,Ferrandez,ccc
651,Terrence,Titterrell,bbb
652,Stormy,Cristoferi,aaa
653,Francklin,Lewisham,fff
654,Valentina,Baumber,eee
655,Walsh,Ciccetti,aaa
656,Titos,Van Son,fff
657,Harwell,Peebles,aaa
658,Clair,Aldersey,ccc
659,Hamlen,Castellaccio,ccc
660,Zed,Errol,eee
661,Terri,Storkes,aaa
662,Timi,Jonah,bbb
663,Venita,Clarabut,aaa
664,Fonsie,Penlington,ddd
665,Hillery,Dilleway,bbb
666,Catie,Ogborn,eee
667,Garrott,Gwatkin,aaa
668,Zebadiah,Obin,fff
669,Laney,Fausset,bbb
670,Monique,Marcq,ccc
671,Kim,Darlison,aaa
672,Harlie,Sweatman,aaa
673,Avivah,Benton,ccc
674,Kalie,Dourin,ddd
675,Kerianne,Giraudot,ddd
676,Lolly,Daber,fff
677,Lalo,Yggo,ddd
678,Robbie,Drinkall,eee
679,Oswell,Grunnill,eee
680,Cloris,Solland,aaa
681,Sibylla,Cooling,aaa
682,Kev,Caspell,ddd
683,Nichole,Diament,bbb
684,Avril,Tilne,aaa
685,Ashley,Delue,ccc
686,Odo,Wyrill,eee
687,Welch,Chaplyn,aaa
688,Francene,Bettis,bbb
689,Robbin,Glaserman,aaa
690,Ericha,Gouthier,bbb
691,Clemente,Nuzzetti,aaa
692,Reg,Pozzi,aaa
693,Nikolaus,Prestney,aaa
694,Silvie,Braniff,bbb
695,Eduardo,Hadigate,fff
696,Chrystel,Coop,bbb
697,Robb,Luby,eee
698,Shalna,Chuck,aaa
699,Fons,Giacopello,ddd
700,Chicky,Crigin,ddd
701,Hannis,Hudson,fff
702,Germaine,Ridings,bbb
703,Mallorie,Vido,eee
704,Marcellus,Ager,ccc
705,Pennie,MacCorkell,bbb
706,Katherine,Frith,fff
707,Neda,Anney,eee
708,Aubrie,Joskowicz,ccc
709,Ophelie,Billingsly,eee
710,Penelope,Lodovichi,ddd
711,Cindra,Paris,ddd
712,Marlowe,Bartholat,aaa
713,Nelie,MacGow,fff
714,Samuel,Pideon,aaa
715,Obadiah,Plessing,bbb
716,Liesa,Iacovacci,bbb
717,Kamilah,Jukubczak,aaa
718,Rowen,Narraway,bbb
719,Tilly,Bellino,aaa
720,Roanne,Tills,ccc
721,Aloysius,Houten,fff
722,Sharl,Jentgens,eee
723,Lacy,Stickley,ccc
724,Janela,Tuxell,ddd
725,Ralf,Beeson,ccc
726,Yoko,Lowton,ccc
727,Babbie,Brockwell,bbb
728,Herculie,Huonic,bbb
729,Blaire,Biaggioli,ccc
730,Puff,Andor,aaa
731,Had,McNeil,ccc
732,Lindi,Minett,fff
733,Keelia,Bardey,eee
734,Elizabeth,Leidecker,fff
735,Goldie,Snoding,bbb
736,Carver,Willman,bbb
737,Martie,Ebourne,aaa
738,Shelley,Studders,ddd
739,Rici,Ambrogini,bbb
740,Skylar,Melladew,fff
741,Laurice,Aland,ddd
742,Tomasina,Dahill,bbb
743,Austen,Janak,eee
744,Antonetta,Pavia,ccc
745,Ring,Lindsley,ddd
746,Stuart,Northbridge,fff
747,Carena,McKune,bbb
748,Constancy,Papen,aaa
749,Laurel,Blanshard,aaa
750,Maegan,Bulgen,eee
751,Susy,Bevan,aaa
752,Tracee,Lehemann,bbb
753,Udell,Makepeace,eee
754,Alikee,Straneo,ddd
755,Adelind,Iorizzi,ddd
756,Wilton,Slade,aaa
757,Kelci,Ferguson,aaa
758,Rosanna,Greveson,aaa
759,Tristam,Minthorpe,aaa
760,Randy,Degnen,ddd
761,Roselin,Wilsey,aaa
762,Tracy,Snawdon,ccc
763,Nan,Labern,fff
764,Marlane,Normaville,eee
765,Ruperta,Jacquemy,ddd
766,Cordi,Moulton,aaa
767,Rollie,Gimert,ccc
768,Annadiana,Swanne,aaa
769,Hazel,Grece,bbb
770,Leicester,Kipping,fff
771,Meggi,Sneezem,fff
772,Gasparo,Hubbis,aaa
773,Gael,Handford,bbb
774,Filmer,Lazarus,aaa
775,Fransisco,Greensted,ddd
776,Daveta,Iffe,eee
777,Amalie,Deluze,ccc
778,Laurie,Bordessa,aaa
779,Shae,Gorringe,fff
780,Daron,Betts,fff
781,Kitty,Manford,eee
782,Daffy,Sheivels,ddd
783,Julietta,Lepper,eee
784,Karry,Hanwell,ccc
785,Koenraad,Spadeck,ccc
786,Ardella,De Witt,ddd
787,Ange,Elderbrant,bbb
788,Doralin,Stroyan,bbb
789,Kiley,Beesey,ddd
790,Prue,Antonovic,bbb
791,Garey,Maggorini,ccc
792,Collen,Deakes,fff
793,Xena,Tomlin,eee
794,Juditha,Cheak,ddd
795,Solomon,Tschursch,eee
796,Kingsly,Barca,fff
797,Bern,Isley,eee
798,Clotilda,Lightwing,eee
799,Erin,Swallwell,ddd
800,Ted,Spensley,bbb
801,Cort,Douberday,eee
802,Susy,Nolda,aaa
803,Donny,Cowderoy,ddd
804,Whitaker,Blankley,bbb
805,Robbie,Lee,ccc
806,Rozanne,Simmans,eee
807,Birgit,Rayer,aaa
808,Wiatt,Grigoli,bbb
809,Melony,Ansty,aaa
810,Rowe,Butland,ddd
811,Aylmer,McSweeney,ddd
812,Rudolph,Swallwell,fff
813,Merl,Erdis,ccc
814,Daryn,Curnow,aaa
815,Doroteya,Somerlie,ccc
816,Evanne,Newham,bbb
817,Ronni,Bachura,ddd
818,Rita,Omrod,fff
819,Maritsa,Ragles,bbb
820,Katey,Whitchurch,eee
821,Sonni,Kinvan,aaa
822,Hedy,Bruinsma,ccc
823,Annabal,Sangster,ddd
824,Kris,Castagnaro,ddd
825,Phil,Richings,fff
826,Baryram,Carverhill,eee
827,Michelle,Main,fff
828,Dredi,Cornelius,aaa
829,Whitney,Bing,eee
830,Boy,Yanez,fff
831,Andrea,Kyle,eee
832,Marquita,Nancekivell,ccc
833,Sarita,Gollin,bbb
834,Rawley,Chasle,ddd
835,Davis,Raiker,fff
836,Kristoffer,Starzaker,ddd
837,Ondrea,Olenikov,fff
838,Thorvald,Holdworth,eee
839,Cornie,Faccini,eee
840,Oona,Chettle,fff
841,Zelda,Comiam,ddd
842,Janeczka,Abrams,fff
843,Hazel,Britch,ddd
844,Carlita,Saban,aaa
845,Franciskus,Downie,aaa
846,Ellie,Vondracek,eee
847,Thedric,MacRonald,aaa
848,Baxie,MacAiline,ddd
849,Cordelia,Grinin,aaa
850,Benn,Chittock,bbb
851,Tawnya,Scrase,bbb
852,Antonetta,Beldan,bbb
853,Ardella,Byard,fff
854,Montague,Gilberthorpe,ccc
855,Marcellus,Plet,bbb
856,Martyn,Mollen,bbb
857,Katya,Maffetti,bbb
858,Carver,Shorto,bbb
859,Mile,Ickeringill,eee
860,Moishe,Yerbury,fff
861,Armin,Warsop,ccc
862,Harmonie,Egdal,ddd
863,Joanne,Thomas,ccc
864,Sibby,Murdoch,ccc
865,Jillana,Haffenden,fff
866,Bernie,Kennedy,ccc
867,Viki,Carle,aaa
868,Felice,Thirkettle,aaa
869,Lars,Kivelle,bbb
870,Dana,MacLeod,fff
871,Pansie,Dunklee,ccc
872,Jon,Cluett,bbb
873,Lorena,MacMichael,ccc
874,Haleigh,O'Hollegan,bbb
875,Gigi,Henzer,bbb
876,Mufinella,Boykett,ddd
877,Iago,Allender,ddd
878,Florian,Kenright,aaa
879,Hanny,Gosart,eee
880,Brendin,Druce,ccc
881,Analiese,Kleinsinger,ccc
882,Doti,Lailey,ddd
883,Leif,Haggar,ccc
884,Tabbie,Starmont,bbb
885,Ossie,Mathie,fff
886,Lorain,Ubsdell,aaa
887,Hillie,Hallwood,bbb
888,Dora,Lomansey,aaa
889,Cleopatra,Kitching,ddd
890,Dukey,Serginson,ddd
891,Lilias,Ashwin,bbb
892,Glennis,O'Flannery,ccc
893,Slade,Doogan,aaa
894,Anabel,Paulusch,ccc
895,Gannie,Rossbrooke,aaa
896,Brook,Muffett,fff
897,Janice,Kynett,aaa
898,Lory,Guilloud,ddd
899,Penrod,Padefield,ccc
900,Karena,Cookman,ccc
901,Kati,Wisniowski,ccc
902,Jolie,Cleeve,ccc
903,Dody,Wantling,ddd
904,Gabie,Brewster,eee
905,Patrice,De la Yglesia,bbb
906,Ingrid,Vedstra,eee
907,Tonia,Terzi,eee
908,Paddie,Colles,fff
909,Petronilla,Blenkensop,ddd
910,Mozes,Kneesha,bbb
911,Lucy,Bogaert,fff
912,Lilian,Blaxlande,bbb
913,Gerianna,Sutherby,aaa
914,Perle,Pothbury,eee
915,Elka,Succamore,fff
916,Shea,Kilborn,ccc
917,Nikoletta,Harbert,bbb
918,Fletch,Weddeburn,eee
919,Alfreda,Cull,fff
920,Veronique,Koeppke,ccc
921,Dre,Costard,fff
922,Daune,Addenbrooke,aaa
923,Aggy,Splevings,bbb
924,Reggi,Kingsnorth,ccc
925,Marga,McPhate,bbb
926,Dulcia,Dorning,fff
927,Darbie,Hame,aaa
928,Fanchon,Lightbourne,ddd
929,Chandra,Chittenden,fff
930,Vittoria,Patise,eee
931,Johnnie,Shewring,bbb
932,Erica,Form,aaa
933,Kelley,Penas,fff
934,Darby,Oakton,bbb
935,Lazaro,Tolomei,aaa
936,Lesli,Duddell,aaa
937,Felisha,Huxter,ccc
938,Brunhilde,Spurryer,ddd
939,Lydia,Harlett,fff
940,Patrizius,Andrew,ddd
941,Duffie,Suddell,aaa
942,Cacilie,Casement,ddd
943,Shelby,Clulee,bbb
944,Janel,Radenhurst,fff
945,Suzann,Mathe,ccc
946,Maxie,Aikman,fff
947,Sena,Rolph,ddd
948,Karen,Glander,eee
949,Orly,Malcolmson,aaa
950,Xaviera,Cowden,fff
951,Phineas,Vyvyan,ccc
952,Filmer,Verdie,eee
953,Helga,Lawtey,aaa
954,Desiri,Prosser,bbb
955,Keith,Harvie,eee
956,Gannon,Stit,aaa
957,Dav,MacMaster,ddd
958,Cristine,Pettingall,aaa
959,Rurik,Mourge,ccc
960,Cody,Kagan,ccc
961,Zonda,McGoldrick,ccc
962,Theadora,Nisbet,bbb
963,Leia,Fabry,aaa
964,Pebrook,Beresfore,ccc
965,Papagena,Mathet,eee
966,Marlee,Winsome,eee
967,Loralyn,Affron,ccc
968,Jorey,Maps,bbb
969,Miran,Tappor,eee
970,Brooke,Bysshe,aaa
971,Erena,McWaters,ddd
972,Florian,Benez,ddd
973,Woody,Marriage,aaa
974,Elinore,Moncreiffe,eee
975,Rutter,Kilgallon,fff
976,Sheelah,Lander,fff
977,Katy,Scriviner,bbb
978,Yvette,Cookney,bbb
979,Diarmid,Astling,aaa
980,Lily,Kuhlmey,ddd
981,Averil,Kilminster,ccc
982,Melania,Skelly,ccc
983,Westbrooke,Burgiss,aaa
984,Margette,Tawn,fff
985,Benton,Ruckert,ddd
986,Noellyn,Allawy,eee
987,Gwendolen,Throssell,ddd
988,Hugo,Gandrich,ccc
989,Paten,Chaplin,ddd
990,Mariann,Crow,ddd
991,Rodger,Haddington,bbb
992,Fancie,Dinsale,fff
993,Missy,Leavesley,eee
994,Cary,Jowers,eee
995,Ashlie,Kearford,bbb
996,Demetra,Haresnaip,aaa
997,Tirrell,MacGille,ddd
998,Augy,Balloch,fff
999,Jennica,Wimmers,bbb
1000,Nessi,Long,ddd
