Thorsten,60
Jarvis,68
Oralla,31
Kane,16
Corney,58
Franciska,57
Lind,26
Darda,13
Gregoor,17
Twila,54
Jerrie,51
Garrot,35
Dion,70
Sidonia,65
Frederique,68
Pace,69
Egon,53
Clio,40
Gavrielle,47
Ben,66
Rosemaria,53
Constantino,49
Guillema,45
Tiffani,52
Barr,23
Coraline,15
Shellie,44
Farrel,16
Richie,50
Robby,41
Northrup,32
Hayley,42
Betsy,50
Lyda,14
Pinchas,25
Donnie,62
Magdalena,25
Gerri,28
Constantia,15
Myrtie,17
Davida,11
Ulrica,13
Matthiew,60
Niven,37
Ewart,63
Grange,32
Axel,37
Carrissa,65
Lorie,15
Sigfried,38
Thebault,14
Geralda,60
Thornton,36
Toddie,64
Edmund,41
Cal,13
Eduino,23
Antonietta,46
Patton,36
Ber,30
Merrick,56
Emmey,33
Jeromy,63
Hannie,66
Eryn,26
Leeann,42
Rickie,24
Venita,35
Flo,46
Miltie,37
Evy,45
Jammal,31
Krystalle,48
Brittney,38
Bondon,51
Rickard,64
Niall,19
Rheta,42
Kirstyn,20
Othella,43
Mead,28
Hyacinthie,28
Berni,37
Lanna,29
Annabal,14
Kirby,12
Raymund,49
Damian,37
Alphonse,17
Katerina,41
Zacharie,12
Ermina,43
Andi,56
Missie,32
Kellia,47
Patrick,22
Demetre,44
Octavia,64
Murdock,65
Leonid,21
